token,mos_1_to_5,defect,note
bfc696996cfc#0,,,
b93868ef4226#1,,,
e288681028f7#2,,,
9f884789ce47#3,,,
1b4416b7c802#4,,,
be8fc33e3800#5,,,
7fbcb125bdd0#6,,,
531ffb9422bb#7,,,
833f32d0662d#8,,,
e02dd616f151#9,,,
8bd9e72d8d38#10,,,
bbe2a14f6e50#11,,,
bfa030cff228#12,,,
833f32d0662d#13,,,
e290608f8143#14,,,
45a354108c07#15,,,
c632ad3db25d#16,,,
3ffa48cc2fc3#17,,,
c5a27ffdd7ea#18,,,
df9b1b663014#19,,,
a72e1be006e4#20,,,
271a385f6c0d#21,,,
5db34ccf3b03#22,,,
1da02ce1cc3f#23,,,
c6f41c2d7d83#24,,,
424c94c09eee#25,,,
bbba1defab1e#26,,,
8f28c6d56380#27,,,
74838f867084#28,,,
c7ae38e7a8ba#29,,,
c0edd4ccff07#30,,,
a612995b1fd5#31,,,
869bf4049843#32,,,
2131e8645053#33,,,
f93bd10ffd6c#34,,,
ec890cdc4f3a#35,,,
908ef8773154#36,,,
aa6d55e421b6#37,,,
43c334219b76#38,,,
f644fa7d3cd6#39,,,
a72e1be006e4#40,,,
8058f5951c97#41,,,
eff4a6d63399#42,,,
6217324f46a9#43,,,
a9cc384bbdd1#44,,,
e467f7c3869c#45,,,
b95f25329c9d#46,,,
86c61a8d46f6#47,,,
559191d3aad2#48,,,
2131e8645053#49,,,
126600ff1fd8#50,,,
eba86085c665#51,,,
c0d57ac82c0a#52,,,
c847035d3e2b#53,,,
a3e8926a0e8a#54,,,
bcbac8520d62#55,,,
fd3df5443c2a#56,,,
fca319440812#57,,,
443aeea4f46e#58,,,
d5a102d79cf9#59,,,
a210954b5382#60,,,
a3833aec1451#61,,,
c7ae38e7a8ba#62,,,
7b73bdc6118b#63,,,
